{"cameraMode":{"drawMode":0,"name":"Shaded","section":"Shading Mode"},"sceneLighting":true,"audioPlay":false,"sceneViewState":{"showFog":false,"showMaterialUpdate":false,"showSkybox":false,"showFlares":false,"showImageEffects":true,"showParticleSystems":true},"in2DMode":false,"pivot":{"x":-1.526587963104248,"y":-7.194897651672363,"z":-3.4923644065856935},"rotation":{"x":-0.4380131661891937,"y":0.3364754915237427,"z":-0.18112216889858247,"w":-0.8137096762657166},"size":17.756256103515626,"orthographic":false}